component,pr_auc,recon_error_clean
seasonal,0.3085944865859583,0.0028216573409736156
full,0.27772350983085137,0.002978286938741803
residual,0.05499973553731188,0.011146750301122665
